<?xml version="1.0"?>
<metadata xml:lang="en"><Esri><CreaDate>20210802</CreaDate><CreaTime>12265100</CreaTime><ArcGISFormat>1.0</ArcGISFormat><SyncOnce>TRUE</SyncOnce><ModDate>20210809</ModDate><ModTime>11182200</ModTime><scaleRange><minScale>150000000</minScale><maxScale>5000</maxScale></scaleRange><ArcGISProfile>ItemDescription</ArcGISProfile></Esri><tool name="CA_Drought_Data" displayname="CA Drought Data" toolboxalias="" xmlns=""><arcToolboxHelpPath>c:\program files\arcgis\pro\Resources\Help\gp</arcToolboxHelpPath><parameters><param name="variables" displayname="variables" type="Required" direction="Input" datatype="String" expression="ET | SWE | Tair | baseflow | precip | runoff | soilMoist1 | soilMoist2 | soilMoist3 | tasmax | tasmin"><dialogReference>&lt;DIV STYLE="text-align:Left;"&gt;&lt;DIV&gt;&lt;DIV&gt;&lt;P&gt;&lt;SPAN&gt;Climatic Variables you would like to download from the Cal-Adapt Data Server.&lt;/SPAN&gt;&lt;/P&gt;&lt;/DIV&gt;&lt;/DIV&gt;&lt;/DIV&gt;</dialogReference></param><param name="start year" displayname="Time Period" type="Required" direction="Input" datatype="String" expression="2018-2046 | 2046-2074"><dialogReference>&lt;DIV STYLE="text-align:Left;"&gt;&lt;DIV&gt;&lt;P&gt;&lt;SPAN&gt;Choose the time period you would like to download&lt;/SPAN&gt;&lt;/P&gt;&lt;/DIV&gt;&lt;/DIV&gt;</dialogReference></param><param name="outLoc" displayname="Output Location" type="Required" direction="Input" datatype="Workspace" expression="outLoc"><dialogReference>&lt;DIV STYLE="text-align:Left;"&gt;&lt;DIV&gt;&lt;P&gt;&lt;SPAN&gt;Where would you like the data saved.&lt;/SPAN&gt;&lt;/P&gt;&lt;/DIV&gt;&lt;/DIV&gt;</dialogReference></param></parameters><summary>&lt;DIV STYLE="text-align:Left;"&gt;&lt;DIV&gt;&lt;DIV&gt;&lt;P&gt;&lt;SPAN&gt;Download the SCRIPPS California Drought Data as netCDF files from the Cal-Adapt Data Server.&lt;/SPAN&gt;&lt;/P&gt;&lt;P&gt;&lt;SPAN&gt;The 2046-2074 drought is a subset of the original CMIP5 HadGEM2-ES rcp8.5 run.  This was chosen since HadGEM2-ES RCP8.5 2051-2070 is the most extreme 20 year dry spell from the 10 "California GCMs" - with 78% of historical median annual precip over NorthCentral+Sierra Calif Climate Tracker regions. A few years are included on either side of the drought for reference.&lt;/SPAN&gt;&lt;/P&gt;&lt;P&gt;&lt;SPAN&gt;The 2018-2046 drought uses 2046-2074 precip and daily temperature variability, but the temperature is adjusted based on the 2006-2100 linear trend of T for each point and each month.&lt;/SPAN&gt;&lt;/P&gt;&lt;/DIV&gt;&lt;/DIV&gt;&lt;/DIV&gt;</summary></tool><dataIdInfo><idCitation><resTitle>CA Drought Data</resTitle></idCitation><searchKeys><keyword>CalAdaptpy</keyword><keyword>ArcGIS Python Toolbox</keyword><keyword>2021</keyword><keyword>UCANR Informatics and GIS Program (IGIS)</keyword><keyword>UC Berkeley Geospatial Innovation Facility (GIF)</keyword><keyword>Cal-Adapt API</keyword><keyword>Scripps</keyword></searchKeys><idCredit>Created by Shane T. Feirer of the  UCANR Informatics and GIS Program (IGIS).</idCredit></dataIdInfo><distInfo><distributor><distorFormat><formatName>ArcToolbox Tool</formatName></distorFormat></distributor></distInfo><mdHrLv><ScopeCd value="005"/></mdHrLv><mdDateSt Sync="TRUE">20210809</mdDateSt></metadata>
