<?xml version="1.0"?>
<metadata xml:lang="en"><Esri><CreaDate>20210802</CreaDate><CreaTime>12290700</CreaTime><ArcGISFormat>1.0</ArcGISFormat><SyncOnce>TRUE</SyncOnce><ModDate>20210809</ModDate><ModTime>11471900</ModTime><scaleRange><minScale>150000000</minScale><maxScale>5000</maxScale></scaleRange><ArcGISProfile>ItemDescription</ArcGISProfile></Esri><tool name="Livneh_vic_Data" displayname="Livneh VIC Data" toolboxalias="" xmlns=""><arcToolboxHelpPath>c:\program files\arcgis\pro\Resources\Help\gp</arcToolboxHelpPath><parameters><param name="variables" displayname="variables" type="Required" direction="Input" datatype="String" expression="albedo | baseflow | del_SWE | ET | latent | longwave_net | pet_natveg | precip | Qair | rainfall | relHumid | runoff | sensible | shortwave_in | shortwave_net | snow_melt | snowfall | soilMoist1 | soilMoist2 | soilMoist3 | sublimation_net | SWE | Tair | tot_runoff | wdew | windspeed"><dialogReference>&lt;DIV STYLE="text-align:Left;"&gt;&lt;DIV&gt;&lt;DIV&gt;&lt;P&gt;&lt;SPAN&gt;Climatic Variables you would like to download from the Cal-Adapt Data Server. A list of climate variables from Cal-Adapt (https://cal-adapt.org/data/livneh-vic/).&lt;/SPAN&gt;&lt;/P&gt;&lt;/DIV&gt;&lt;/DIV&gt;&lt;/DIV&gt;</dialogReference></param><param name="start year" displayname="Time Period" type="Required" direction="Input" datatype="String" expression="start year"><dialogReference>&lt;DIV STYLE="text-align:Left;"&gt;&lt;DIV&gt;&lt;DIV&gt;&lt;P&gt;&lt;SPAN&gt;Choose the first (or only) year to download (years available 1950-2013)&lt;/SPAN&gt;&lt;/P&gt;&lt;/DIV&gt;&lt;/DIV&gt;&lt;/DIV&gt;</dialogReference></param><param name="end year" displayname="Ending Year (if more than one)" type="Optional" direction="Input" datatype="String" expression="{end year}"><dialogReference>&lt;DIV STYLE="text-align:Left;"&gt;&lt;DIV&gt;&lt;DIV&gt;&lt;P&gt;&lt;SPAN&gt;Choose the last year (if downloading a range) to download (years available 1950-2013)&lt;/SPAN&gt;&lt;/P&gt;&lt;/DIV&gt;&lt;/DIV&gt;&lt;/DIV&gt;</dialogReference></param><param name="outLoc" displayname="Output Location" type="Required" direction="Input" datatype="Workspace" expression="outLoc"><dialogReference>&lt;DIV STYLE="text-align:Left;"&gt;&lt;DIV&gt;&lt;DIV&gt;&lt;P&gt;&lt;SPAN&gt;Where would you like the data saved.&lt;/SPAN&gt;&lt;/P&gt;&lt;/DIV&gt;&lt;/DIV&gt;&lt;/DIV&gt;</dialogReference></param></parameters><summary>&lt;DIV STYLE="text-align:Left;"&gt;&lt;DIV&gt;&lt;DIV&gt;&lt;P&gt;&lt;SPAN&gt;Download the SCRIPPS Additional VIC Variables (forced by Gridded Observed Data) as netCDF files from the Cal-Adapt Data Server.&lt;/SPAN&gt;&lt;/P&gt;&lt;P&gt;&lt;SPAN&gt;Historical observed daily precipitation and minimum and maximum temperature are used to drive a land surface/hydrology model, the Variable Infiltration Capacity (VIC) Model to provide high-resolution projections for a suite of hydrological parameters. The VIC model was originally developed by Xu Liang at the University of Washington. Development and maintenance of the current official version of the VIC model is led by the UW Hydro | Computational Hydrology group in the Department of Civil and Environmental Engineering at the University of Washington.&lt;/SPAN&gt;&lt;/P&gt;&lt;/DIV&gt;&lt;/DIV&gt;&lt;/DIV&gt;</summary></tool><dataIdInfo><idCitation><resTitle>Livneh VIC Data</resTitle></idCitation><searchKeys><keyword>CalAdaptpy</keyword><keyword>ArcGIS Python Toolbox</keyword><keyword>2021</keyword><keyword>UCANR Informatics and GIS Program (IGIS)</keyword><keyword>UC Berkeley Geospatial Innovation Facility (GIF)</keyword><keyword>Cal-Adapt API</keyword><keyword>Scripps</keyword></searchKeys><idCredit>Created by Shane T. Feirer of the  UCANR Informatics and GIS Program (IGIS).</idCredit></dataIdInfo><distInfo><distributor><distorFormat><formatName>ArcToolbox Tool</formatName></distorFormat></distributor></distInfo><mdHrLv><ScopeCd value="005"/></mdHrLv><mdDateSt Sync="TRUE">20210809</mdDateSt></metadata>
