<?xml version="1.0"?>
<metadata xml:lang="en"><Esri><CreaDate>20210802</CreaDate><CreaTime>12301000</CreaTime><ArcGISFormat>1.0</ArcGISFormat><SyncOnce>TRUE</SyncOnce><ModDate>20210809</ModDate><ModTime>12090500</ModTime><scaleRange><minScale>150000000</minScale><maxScale>5000</maxScale></scaleRange><ArcGISProfile>ItemDescription</ArcGISProfile></Esri><tool name="LOCA_Data" displayname="LOCA Data" toolboxalias="" xmlns=""><arcToolboxHelpPath>c:\program files\arcgis\pro\Resources\Help\gp</arcToolboxHelpPath><parameters><param name="Data Type" displayname="Data Type" type="Required" direction="Input" datatype="String" expression="met | rel_humid | solards | wspeed"><dialogReference>&lt;DIV STYLE="text-align:Left;"&gt;&lt;DIV&gt;&lt;DIV&gt;&lt;P&gt;&lt;SPAN&gt;Broad Category&lt;/SPAN&gt;&lt;/P&gt;&lt;/DIV&gt;&lt;/DIV&gt;&lt;/DIV&gt;</dialogReference></param><param name="Climate Model" displayname="Climate Model" type="Required" direction="Input" datatype="String" expression="ACCESS1-0 | ACCESS1-3 | CCSM4 | CESM1-BGC | CESM1-CAM5 | CMCC-CM | CMCC-CMS | CNRM-CM5 | CSIRO-Mk3-6-0 | CanESM2 | EC-EARTH | FGOALS-g2 | GFDL-CM3 | GFDL-ESM2G | GFDL-ESM2M | GISS-E2-H | GISS-E2-R | HadGEM2-AO | HadGEM2-CC | HadGEM2-ES | IPSL-CM5A-LR | IPSL-CM5A-MR | MIROC-ESM | MIROC-ESM-CHEM | MIROC5 | MPI-ESM-LR | MPI-ESM-MR | MRI-CGCM3 | NorESM1-M | bcc-csm1-1 | bcc-csm1-1-m | inmcm4"><dialogReference>&lt;DIV STYLE="text-align:Left;"&gt;&lt;DIV&gt;&lt;DIV&gt;&lt;P&gt;&lt;SPAN&gt;Global Climatic Models (GCM) you would like to query using the Cal-Adapt API. A list of GCMs from Cal-Adapt API (&lt;/SPAN&gt;&lt;A href="https://berkeley-gif.github.io:443/caladapt-docs/data-catalog.html" STYLE="text-decoration:underline;"&gt;&lt;SPAN&gt;https://berkeley-gif.github.io/caladapt-docs/data-catalog.html#global-climate-models-gcm&lt;/SPAN&gt;&lt;/A&gt;&lt;SPAN&gt;).&lt;/SPAN&gt;&lt;/P&gt;&lt;/DIV&gt;&lt;/DIV&gt;&lt;/DIV&gt;</dialogReference></param><param name="Climate Scenario" displayname="Climate Scenario" type="Required" direction="Input" datatype="String" expression="historical | rcp45 | rcp85"><dialogReference>&lt;DIV STYLE="text-align:Left;"&gt;&lt;DIV&gt;&lt;DIV&gt;&lt;P&gt;&lt;SPAN&gt;To learn more about Representative Concentration Pathways (RCPs) go &lt;/SPAN&gt;&lt;A href="https://skepticalscience.com:443/rcp.php" STYLE="text-decoration:underline;"&gt;&lt;SPAN&gt;here&lt;/SPAN&gt;&lt;/A&gt;&lt;SPAN&gt;.&lt;/SPAN&gt;&lt;/P&gt;&lt;/DIV&gt;&lt;/DIV&gt;&lt;/DIV&gt;</dialogReference></param><param name="variables" displayname="variables" type="Required" direction="Input" datatype="String" expression="DTR | cdd | pr | tasmax | tasmin"><dialogReference>&lt;DIV STYLE="text-align:Left;"&gt;&lt;DIV&gt;&lt;DIV&gt;&lt;P&gt;&lt;SPAN&gt;Climatic Variables you would like to download from the Cal-Adapt Data Server.&lt;/SPAN&gt;&lt;/P&gt;&lt;/DIV&gt;&lt;/DIV&gt;&lt;/DIV&gt;</dialogReference></param><param name="start year" displayname="Time Period" type="Required" direction="Input" datatype="String" expression="start year"><dialogReference>&lt;DIV STYLE="text-align:Left;"&gt;&lt;DIV&gt;&lt;DIV&gt;&lt;P&gt;&lt;SPAN&gt;Choose the first (or only) year to download (Historic: years available 1950-2005, RCP# years available 2006-2100)&lt;/SPAN&gt;&lt;/P&gt;&lt;/DIV&gt;&lt;/DIV&gt;&lt;/DIV&gt;</dialogReference></param><param name="end year" displayname="Ending Time Period (if more than one)" type="Optional" direction="Input" datatype="String" expression="{end year}"><dialogReference>&lt;DIV STYLE="text-align:Left;"&gt;&lt;DIV&gt;&lt;DIV&gt;&lt;P&gt;&lt;SPAN&gt;Choose the last year (if downloading a range) to download (Historic: years available 1950-2006, RCP# years available 2006-2100)&lt;/SPAN&gt;&lt;/P&gt;&lt;/DIV&gt;&lt;/DIV&gt;&lt;/DIV&gt;</dialogReference></param><param name="outLoc" displayname="Output Location" type="Required" direction="Input" datatype="Workspace" expression="outLoc"><dialogReference>&lt;DIV STYLE="text-align:Left;"&gt;&lt;DIV&gt;&lt;DIV&gt;&lt;P&gt;&lt;SPAN&gt;Where would you like the data saved.&lt;/SPAN&gt;&lt;/P&gt;&lt;/DIV&gt;&lt;/DIV&gt;&lt;/DIV&gt;</dialogReference></param></parameters><summary>&lt;DIV STYLE="text-align:Left;"&gt;&lt;DIV&gt;&lt;DIV&gt;&lt;P&gt;&lt;SPAN&gt;Download the SCRIPPS LOCA Downscaled CMIP5 Climate Projections as netCDF files from the Cal-Adapt Data Server.&lt;/SPAN&gt;&lt;/P&gt;&lt;P&gt;&lt;SPAN&gt;Daily climate projections for California at a resolution of 1/16° (about 6 km, or 3.7 miles) generated to support climate change impact studies for California’s Fourth Climate Change Assessment. The data, derived from 32 coarse-resolution (~100 km) global climate models from the CMIP5 archive, were bias corrected and downscaled using the Localized Constructed Analogues (LOCA) statistical method. The data cover 1950-2005 for the historical period and 2006-2100 (some models stop in 2099) for two future climate projections. Details are described in Pierce et al., 2018.&lt;/SPAN&gt;&lt;/P&gt;&lt;/DIV&gt;&lt;/DIV&gt;&lt;/DIV&gt;</summary></tool><dataIdInfo><idCitation><resTitle>LOCA Data</resTitle></idCitation><idCredit>Created by Shane T. Feirer of the  UCANR Informatics and GIS Program (IGIS).</idCredit><searchKeys><keyword>CalAdaptpy</keyword><keyword>ArcGIS Python Toolbox</keyword><keyword>2021</keyword><keyword>UCANR Informatics and GIS Program (IGIS)</keyword><keyword>UC Berkeley Geospatial Innovation Facility (GIF)</keyword><keyword>Cal-Adapt API</keyword><keyword>Scripps</keyword></searchKeys></dataIdInfo><distInfo><distributor><distorFormat><formatName>ArcToolbox Tool</formatName></distorFormat></distributor></distInfo><mdHrLv><ScopeCd value="005"></ScopeCd></mdHrLv><mdDateSt Sync="TRUE">20210809</mdDateSt></metadata>
