<?xml version="1.0"?>
<metadata xml:lang="en"><Esri><CreaDate>20210802</CreaDate><CreaTime>12130700</CreaTime><ArcGISFormat>1.0</ArcGISFormat><SyncOnce>TRUE</SyncOnce><ModDate>20210809</ModDate><ModTime>11004900</ModTime><scaleRange><minScale>150000000</minScale><maxScale>5000</maxScale></scaleRange><ArcGISProfile>ItemDescription</ArcGISProfile></Esri><tool name="GetDataAPI" displayname="Get Data from API" toolboxalias="" xmlns=""><arcToolboxHelpPath>c:\program files\arcgis\pro\Resources\Help\gp</arcToolboxHelpPath><parameters><param name="in_feature_set" displayname="Input Feature Set" type="Required" direction="Input" datatype="Feature Set" expression="in_feature_set"><dialogReference>&lt;DIV STYLE="text-align:Left;"&gt;&lt;DIV&gt;&lt;P&gt;&lt;SPAN&gt;Features to use in your query to the CalAdapt API.  These features can be a single or series of points, lines, and polygons.  The Caladapt API will not allow features to query an area larger that San Bernadino county in California.  You can also sketch a feature on the map in ArcGIS Pro and use that graphic as an input to this tool. &lt;/SPAN&gt;&lt;/P&gt;&lt;/DIV&gt;&lt;/DIV&gt;</dialogReference></param><param name="individual_features" displayname="Process Features Individually" type="Optional" direction="Input" datatype="Boolean" expression="{individual_features}"><dialogReference>&lt;DIV STYLE="text-align:Left;"&gt;&lt;DIV&gt;&lt;P&gt;&lt;SPAN&gt;Unchecked all features in the Input feature set will be treated as one feature.  Checked all feature will be treated as individual features and each will be used in the query to the API and the results will be combined into a single table with a category field with a unique identifier for each feature.&lt;/SPAN&gt;&lt;/P&gt;&lt;/DIV&gt;&lt;/DIV&gt;</dialogReference></param><param name="catField" displayname="Category Field" type="Optional" direction="Input" datatype="String" expression="{catField}"><dialogReference>&lt;DIV STYLE="text-align:Left;"&gt;&lt;DIV&gt;&lt;P&gt;&lt;SPAN&gt;If you choose to process features individually, specify a field in the data set that can be used to identify the unique features in the feature set.&lt;/SPAN&gt;&lt;/P&gt;&lt;/DIV&gt;&lt;/DIV&gt;</dialogReference></param><param name="Variable" displayname="Variable" type="Required" direction="Input" datatype="String" expression="et | tair | baseflow | cdd | cddm | exheat | exheatn | hdd | kbdigt600 | pr | prdiff | r10mm | r20mm | rainfall | relhumid-max | relhumid-min | rsds | runoff | rx1day | snowfall | soilmoist1 | speiltm1 | swe | tasmax | tasmaxdiff | tasmin | tasmindiff | tmmn | tmmx | wspeed"><dialogReference>&lt;DIV STYLE="text-align:Left;"&gt;&lt;DIV&gt;&lt;DIV&gt;&lt;P&gt;&lt;SPAN&gt;Climatic Variables you would like to query using the CalAdapt API.  A list of climate variables from CalAdapt API (&lt;/SPAN&gt;&lt;A href="https://berkeley-gif.github.io:443/caladapt-docs/data-catalog.html" STYLE="text-decoration:underline;"&gt;&lt;SPAN&gt;https://berkeley-gif.github.io/caladapt-docs/data-catalog.html#climate-variables&lt;/SPAN&gt;&lt;/A&gt;&lt;SPAN&gt;).&lt;/SPAN&gt;&lt;/P&gt;&lt;/DIV&gt;&lt;/DIV&gt;&lt;/DIV&gt;</dialogReference></param><param name="GCM" displayname="GCM" type="Required" direction="Input" datatype="String" expression="access1-0 | ccsm4 | cesm1-bgc | cmcc-cms | cnrm-cm5 | canesm2 | gfdl-cm3 | hadgem2-cc | hadgem2-es | miroc5 | livneh | ens32avg | ens32max | ens32min | ens10 | gridmet | avg | models-max | models-min | hadisd"><dialogReference>&lt;DIV STYLE="text-align:Left;"&gt;&lt;DIV&gt;&lt;DIV&gt;&lt;P&gt;&lt;SPAN&gt;Global Climatic Models (GCM) you would like to query using the CalAdapt API.  A list of GCMs from CalAdapt API (&lt;/SPAN&gt;&lt;A href="https://berkeley-gif.github.io:443/caladapt-docs/data-catalog.html" target="global-climate-models-gcm" STYLE="text-decoration:underline;"&gt;&lt;SPAN&gt;https://berkeley-gif.github.io/caladapt-docs/data-catalog.html#global-climate-models-gcm&lt;/SPAN&gt;&lt;/A&gt;&lt;SPAN&gt;).&lt;/SPAN&gt;&lt;/P&gt;&lt;/DIV&gt;&lt;/DIV&gt;&lt;/DIV&gt;</dialogReference></param><param name="Period" displayname="Period" type="Required" direction="Input" datatype="String" expression="month | day | year | 30y | 30yavg"><dialogReference>&lt;DIV STYLE="text-align:Left;"&gt;&lt;DIV&gt;&lt;P&gt;&lt;SPAN&gt;Temporal Aggregations you would like to query using the CalAdapt API.  A list of periods from CalAdapt API (&lt;/SPAN&gt;&lt;A href="https://berkeley-gif.github.io:443/caladapt-docs/data-catalog.html#period" target="_blank" STYLE="text-decoration:underline;"&gt;&lt;SPAN&gt;https://berkeley-gif.github.io/caladapt-docs/data-catalog.html#period&lt;/SPAN&gt;&lt;/A&gt;&lt;SPAN&gt;).&lt;/SPAN&gt;&lt;/P&gt;&lt;/DIV&gt;&lt;/DIV&gt;</dialogReference></param><param name="historical" displayname="Include Historical" type="Required" direction="Input" datatype="Boolean" expression="historical"><dialogReference>&lt;DIV STYLE="text-align:Left;"&gt;&lt;DIV&gt;&lt;DIV&gt;&lt;P&gt;&lt;SPAN&gt;Check to include historical data.&lt;/SPAN&gt;&lt;/P&gt;&lt;/DIV&gt;&lt;/DIV&gt;&lt;/DIV&gt;</dialogReference></param><param name="rcp45" displayname="Include RCP 4.5" type="Required" direction="Input" datatype="Boolean" expression="rcp45"><dialogReference>&lt;DIV STYLE="text-align:Left;"&gt;&lt;DIV&gt;&lt;P&gt;&lt;SPAN&gt;Check to include RCP 4.5 (Emissions peak around 2040, then decline).  To learn more about Representative Concentration Pathways (RCPs) go &lt;/SPAN&gt;&lt;A href="https://skepticalscience.com:443/rcp.php" target="_blank" STYLE="text-decoration:underline;"&gt;&lt;SPAN&gt;here&lt;/SPAN&gt;&lt;/A&gt;&lt;SPAN&gt;.&lt;/SPAN&gt;&lt;/P&gt;&lt;/DIV&gt;&lt;/DIV&gt;</dialogReference></param><param name="rcp85" displayname="Include RCP 8.5" type="Required" direction="Input" datatype="Boolean" expression="rcp85"><dialogReference>&lt;DIV STYLE="text-align:Left;"&gt;&lt;DIV&gt;&lt;P&gt;&lt;SPAN&gt;Check to include RCP 8.5 (Emissions continue to rise strongly through 2050 and plateau). To learn more about Representative Concentration Pathways (RCPs) go &lt;/SPAN&gt;&lt;A href="https://skepticalscience.com:443/rcp.php" target="_blank" STYLE="text-decoration:underline;"&gt;&lt;SPAN&gt;here&lt;/SPAN&gt;&lt;/A&gt;&lt;SPAN&gt;.&lt;/SPAN&gt;&lt;/P&gt;&lt;/DIV&gt;&lt;/DIV&gt;</dialogReference></param><param name="vic" displayname="Include VIC" type="Required" direction="Input" datatype="Boolean" expression="vic"><dialogReference>&lt;DIV STYLE="text-align:Left;"&gt;&lt;P&gt;&lt;SPAN&gt;This is only an option if you choose the 'livneh' GCM.&lt;/SPAN&gt;&lt;/P&gt;&lt;/DIV&gt;</dialogReference></param><param name="Stat" displayname="Aggregate type" type="Required" direction="Input" datatype="String" expression="mean | max | median | min | sum"><dialogReference>&lt;DIV STYLE="text-align:Left;"&gt;&lt;DIV&gt;&lt;P&gt;&lt;SPAN&gt;Choose what statistic you would like returned from the CalAdapt API. &lt;/SPAN&gt;&lt;/P&gt;&lt;/DIV&gt;&lt;/DIV&gt;</dialogReference></param><param name="outTable" displayname="Output Table" type="Required" direction="Output" datatype="Table" expression="outTable"><dialogReference>&lt;DIV STYLE="text-align:Left;"&gt;&lt;DIV&gt;&lt;P&gt;&lt;SPAN&gt;Specifiy the output path of the table you would like to create with this tool.&lt;/SPAN&gt;&lt;/P&gt;&lt;/DIV&gt;&lt;/DIV&gt;</dialogReference></param></parameters><summary>&lt;DIV STYLE="text-align:Left;"&gt;&lt;DIV&gt;&lt;DIV&gt;&lt;P&gt;&lt;SPAN&gt;This tool is used retrieved data from the CalAdapt API.  The tool will add a table to the ArcGIS Pro project that it is run in.&lt;/SPAN&gt;&lt;/P&gt;&lt;/DIV&gt;&lt;/DIV&gt;&lt;/DIV&gt;</summary></tool><dataIdInfo><idCitation><resTitle>Get Data from API</resTitle></idCitation><searchKeys><keyword>CalAdaptpy</keyword><keyword>ArcGIS Python Toolbox</keyword><keyword>2021</keyword><keyword>UCANR Informatics and GIS Program (IGIS)</keyword><keyword>UC Berkeley Geospatial Innovation Facility (GIF)</keyword><keyword>CalAdapt API</keyword></searchKeys><idCredit>Created by Shane T. Feirer of the  UCANR Informatics and GIS Program (IGIS).</idCredit></dataIdInfo><distInfo><distributor><distorFormat><formatName>ArcToolbox Tool</formatName></distorFormat></distributor></distInfo><mdHrLv><ScopeCd value="005"/></mdHrLv><mdDateSt Sync="TRUE">20210809</mdDateSt></metadata>
