<?xml version="1.0"?>
<metadata xml:lang="en"><Esri><CreaDate>20210802</CreaDate><CreaTime>12312200</CreaTime><ArcGISFormat>1.0</ArcGISFormat><SyncOnce>TRUE</SyncOnce><ModDate>20210809</ModDate><ModTime>12090800</ModTime><scaleRange><minScale>150000000</minScale><maxScale>5000</maxScale></scaleRange><ArcGISProfile>ItemDescription</ArcGISProfile></Esri><tool name="Loca_vic_Data" displayname="LOCA VIC Data" toolboxalias="" xmlns=""><arcToolboxHelpPath>c:\program files\arcgis\pro\Resources\Help\gp</arcToolboxHelpPath><parameters><param name="Climate Model" displayname="Climate Model" type="Required" direction="Input" datatype="String" expression="ACCESS1-0 | ACCESS1-3 | bcc-csm1-1 | bcc-csm1-1-m | CanESM2 | CCSM4 | CESM1-BGC | CESM1-CAM5 | CMCC-CM | CMCC-CMS | CNRM-CM5 | CSIRO-Mk3-6-0 | EC-EARTH | FGOALS-g2 | GFDL-CM3 | GFDL-ESM2G | GFDL-ESM2M | GISS-E2-H | GISS-E2-R | HadGEM2-AO | HadGEM2-CC | HadGEM2-ES | inmcm4 | IPSL-CM5A-LR | IPSL-CM5A-MR | MIROC5 | MIROC-ESM | MIROC-ESM-CHEM | MPI-ESM-LR | MPI-ESM-MR | MRI-CGCM3 | NorESM1-M"><dialogReference>&lt;DIV STYLE="text-align:Left;"&gt;&lt;DIV&gt;&lt;DIV&gt;&lt;P&gt;&lt;SPAN&gt;Global Climatic Models (GCM) you would like to query using the CalAdapt API. A list of GCMs from CalAdapt API (&lt;/SPAN&gt;&lt;A href="https://berkeley-gif.github.io:443/caladapt-docs/data-catalog.html" STYLE="text-decoration:underline;"&gt;&lt;SPAN&gt;https://berkeley-gif.github.io/caladapt-docs/data-catalog.html#global-climate-models-gcm&lt;/SPAN&gt;&lt;/A&gt;&lt;SPAN&gt;).&lt;/SPAN&gt;&lt;/P&gt;&lt;/DIV&gt;&lt;/DIV&gt;&lt;/DIV&gt;</dialogReference></param><param name="Climate Scenario" displayname="Climate Scenario" type="Required" direction="Input" datatype="String" expression="historical | rcp45 | rcp85"><dialogReference>&lt;DIV STYLE="text-align:Left;"&gt;&lt;DIV&gt;&lt;DIV&gt;&lt;P&gt;&lt;SPAN&gt;To learn more about Representative Concentration Pathways (RCPs) go &lt;/SPAN&gt;&lt;A href="https://skepticalscience.com:443/rcp.php" STYLE="text-decoration:underline;"&gt;&lt;SPAN&gt;here&lt;/SPAN&gt;&lt;/A&gt;&lt;SPAN&gt;.&lt;/SPAN&gt;&lt;/P&gt;&lt;/DIV&gt;&lt;/DIV&gt;&lt;/DIV&gt;</dialogReference></param><param name="variables" displayname="variables" type="Required" direction="Input" datatype="String" expression="albedo | baseflow | del_SWE | ET | latent | longwave_net | pet_natveg | precip | Qair | rainfall | relHumid | runoff | sensible | shortwave_in | shortwave_net | snow_melt | snowfall | soilMoist1 | soilMoist2 | soilMoist3 | sublimation_net | SWE | Tair | tot_runoff | wdew | windspeed"><dialogReference>&lt;DIV STYLE="text-align:Left;"&gt;&lt;DIV&gt;&lt;DIV&gt;&lt;P&gt;&lt;SPAN&gt;Climatic Variables you would like to download from the Cal-Adapt Data Server. A list of climate variables from CalAdapt (&lt;/SPAN&gt;&lt;A href="https://cal-adapt.org:443/data/loca-vic/" STYLE="text-decoration:underline;"&gt;&lt;SPAN&gt;https://cal-adapt.org/data/loca-vic/&lt;/SPAN&gt;&lt;/A&gt;&lt;SPAN&gt;).&lt;/SPAN&gt;&lt;/P&gt;&lt;/DIV&gt;&lt;/DIV&gt;&lt;/DIV&gt;</dialogReference></param><param name="start year" displayname="Time Period" type="Required" direction="Input" datatype="String" expression="start year"><dialogReference>&lt;DIV STYLE="text-align:Left;"&gt;&lt;DIV&gt;&lt;DIV&gt;&lt;P&gt;&lt;SPAN&gt;Choose the first (or only) year to download (Historic: years available 1950-2013, RCP# years available 2006-2100)&lt;/SPAN&gt;&lt;/P&gt;&lt;/DIV&gt;&lt;/DIV&gt;&lt;/DIV&gt;</dialogReference></param><param name="end year" displayname="Ending Year (if more than one)" type="Optional" direction="Input" datatype="String" expression="{end year}"><dialogReference>&lt;DIV STYLE="text-align:Left;"&gt;&lt;DIV&gt;&lt;DIV&gt;&lt;P&gt;&lt;SPAN&gt;Choose the last year (if downloading a range) to download (Historic: years available 1950-2013, RCP# years available 2006-2100)&lt;/SPAN&gt;&lt;/P&gt;&lt;/DIV&gt;&lt;/DIV&gt;&lt;/DIV&gt;</dialogReference></param><param name="outLoc" displayname="Output Location" type="Required" direction="Input" datatype="Workspace" expression="outLoc"><dialogReference>&lt;DIV STYLE="text-align:Left;"&gt;&lt;DIV&gt;&lt;DIV&gt;&lt;P&gt;&lt;SPAN&gt;Where would you like the data saved.&lt;/SPAN&gt;&lt;/P&gt;&lt;/DIV&gt;&lt;/DIV&gt;&lt;/DIV&gt;</dialogReference></param></parameters><summary>&lt;DIV STYLE="text-align:Left;"&gt;&lt;DIV&gt;&lt;DIV&gt;&lt;P&gt;&lt;SPAN&gt;Download the SCRIPPS Additional VIC Variables (forced by LOCA) as NetCDF files from the Cal-Adapt Data Server.&lt;/SPAN&gt;&lt;/P&gt;&lt;P&gt;&lt;SPAN&gt;LOCA downscaled projections of daily precipitation and minimum and maximum temperature are used to drive a land surface/hydrology model, the Variable Infiltration Capacity (VIC) Model to provide high-resolution projections for a suite of hydrological parameters. The VIC model was originally developed by Xu Liang at the University of Washington. Development and maintenance of the current official version of the VIC model is led by the UW Hydro | Computational Hydrology group in the Department of Civil and Environmental Engineering at the University of Washington.&lt;/SPAN&gt;&lt;/P&gt;&lt;/DIV&gt;&lt;/DIV&gt;&lt;/DIV&gt;</summary></tool><dataIdInfo><idCitation><resTitle>LOCA VIC Data</resTitle></idCitation><searchKeys><keyword>CalAdaptpy</keyword><keyword>ArcGIS Python Toolbox</keyword><keyword>2021</keyword><keyword>UCANR Informatics and GIS Program (IGIS)</keyword><keyword>UC Berkeley Geospatial Innovation Facility (GIF)</keyword><keyword>CalAdapt API</keyword><keyword>Scripps</keyword></searchKeys><idCredit>Created by Shane T. Feirer of the  UCANR Informatics and GIS Program (IGIS).</idCredit></dataIdInfo><distInfo><distributor><distorFormat><formatName>ArcToolbox Tool</formatName></distorFormat></distributor></distInfo><mdHrLv><ScopeCd value="005"/></mdHrLv><mdDateSt Sync="TRUE">20210809</mdDateSt></metadata>
