<?xml version="1.0"?>
<metadata xml:lang="en"><Esri><CreaDate>20210802</CreaDate><CreaTime>12341200</CreaTime><ArcGISFormat>1.0</ArcGISFormat><SyncOnce>TRUE</SyncOnce><ModDate>20210809</ModDate><ModTime>16341500</ModTime><scaleRange><minScale>150000000</minScale><maxScale>5000</maxScale></scaleRange><ArcGISProfile>ItemDescription</ArcGISProfile></Esri><tool name="UCLA_Data" displayname="Dynamical Downscaling Product" toolboxalias="" xmlns=""><arcToolboxHelpPath>c:\program files\arcgis\pro\Resources\Help\gp</arcToolboxHelpPath><parameters><param name="Climate Model" displayname="Climate Model" type="Required" direction="Input" datatype="String" expression="invariant | CNRM-CM5 | GFDL-CM3 | inmcm4 | IPSL-CM5A-LR | MPI-ESM-LR"><dialogReference>&lt;DIV STYLE="text-align:Left;"&gt;&lt;DIV&gt;&lt;DIV&gt;&lt;P&gt;&lt;SPAN&gt;Global Climatic Models (GCM) you would like to query using the CalAdapt API. A list of GCMs from CalAdapt API (&lt;/SPAN&gt;&lt;A href="https://berkeley-gif.github.io:443/caladapt-docs/data-catalog.html" STYLE="text-decoration:underline;"&gt;&lt;SPAN&gt;https://berkeley-gif.github.io/caladapt-docs/data-catalog.html#global-climate-models-gcm&lt;/SPAN&gt;&lt;/A&gt;&lt;SPAN&gt;).&lt;/SPAN&gt;&lt;/P&gt;&lt;/DIV&gt;&lt;/DIV&gt;&lt;/DIV&gt;</dialogReference></param><param name="Climate Scenario" displayname="Climate Scenario" type="Required" direction="Input" datatype="String" expression="Historic | Future"><dialogReference>&lt;DIV STYLE="text-align:Left;"&gt;&lt;DIV&gt;&lt;DIV&gt;&lt;P&gt;&lt;SPAN&gt;1991-2000 historical climate and five 2091-2100 future climates.&lt;/SPAN&gt;&lt;/P&gt;&lt;/DIV&gt;&lt;/DIV&gt;&lt;/DIV&gt;</dialogReference></param><param name="start year" displayname="Year Between 1991-2000 or 2091-2100" type="Required" direction="Input" datatype="String" expression="start year"><dialogReference>&lt;DIV STYLE="text-align:Left;"&gt;&lt;DIV&gt;&lt;DIV&gt;&lt;P&gt;&lt;SPAN&gt;Choose the first (or only) year to download (Historic: years available 1991-2000, Future: years available 2091-2100)&lt;/SPAN&gt;&lt;/P&gt;&lt;/DIV&gt;&lt;/DIV&gt;&lt;/DIV&gt;</dialogReference></param><param name="end year" displayname="Ending Year (if more than one)" type="Optional" direction="Input" datatype="String" expression="{end year}"><dialogReference>&lt;DIV STYLE="text-align:Left;"&gt;&lt;DIV&gt;&lt;DIV&gt;&lt;P&gt;&lt;SPAN&gt;Choose the last year (if downloading a range) to download (Historic: years available 1991-2000, Future: years available 2091-2100)&lt;/SPAN&gt;&lt;/P&gt;&lt;/DIV&gt;&lt;/DIV&gt;&lt;/DIV&gt;</dialogReference></param><param name="months" displayname="Numeric Month" type="Required" direction="Input" datatype="String" expression="all | 01 | 02 | 03 | 04 | 05 | 06 | 07 | 08 | 09 | 10 | 11 | 12"><dialogReference>&lt;DIV STYLE="text-align:Left;"&gt;&lt;DIV&gt;&lt;P&gt;&lt;SPAN&gt;Default value is 'all' the months in the year. You can specify an individual month (01 = Jan, 02 = Feb, etc)&lt;/SPAN&gt;&lt;/P&gt;&lt;/DIV&gt;&lt;/DIV&gt;</dialogReference></param><param name="outLoc" displayname="Output Location" type="Required" direction="Input" datatype="Workspace" expression="outLoc"><dialogReference>&lt;DIV STYLE="text-align:Left;"&gt;&lt;DIV&gt;&lt;DIV&gt;&lt;P&gt;&lt;SPAN&gt;Where would you like the data saved.&lt;/SPAN&gt;&lt;/P&gt;&lt;/DIV&gt;&lt;/DIV&gt;&lt;/DIV&gt;</dialogReference></param></parameters><summary>&lt;DIV STYLE="text-align:Left;"&gt;&lt;DIV&gt;&lt;DIV&gt;&lt;P&gt;&lt;SPAN&gt;Download the UCLA Dynamically Downscaled Product Data as NetCDF files from the Cal-Adapt Data Server.&lt;/SPAN&gt;&lt;/P&gt;&lt;P&gt;&lt;SPAN&gt;The UCLA Center for Climate Science used the WRF regional climate model to dynamically downscale a 1991-2000 historical climate and five 2091-2100 future climates over California at 9km spatial resolution. The future period is based on the RCP8.5 “business-as-usual” greenhouse gas emissions scenario and contains results from 5 GCMs: CNRM-CM5, GFDL-CM3, INM-CM4, IPSL-CM5A-LR, and MPI-ESM-LR. Downscaled future climates are developed using the “psuedo-global warming technique”. In this technique, future boundary conditions are created by perturbing historical conditions with end-of-century changes from the GCMs and used to simulate high-resolution future climates within the interior of the boundaries. In this framework, variability is the same between the historical and future time periods, though a new mean climate exists in the future. 3-hourly SWE, Temp, and Precip are available for analysis from this dataset.&lt;/SPAN&gt;&lt;/P&gt;&lt;/DIV&gt;&lt;/DIV&gt;&lt;/DIV&gt;</summary></tool><dataIdInfo><idCitation><resTitle>Dynamical Downscaling Product</resTitle></idCitation><idCredit>Created by Shane T. Feirer of the  UCANR Informatics and GIS Program (IGIS).</idCredit><searchKeys><keyword>CalAdaptpy</keyword><keyword>ArcGIS Python Toolbox</keyword><keyword>2021</keyword><keyword>UCANR Informatics and GIS Program (IGIS)</keyword><keyword>UC Berkeley Geospatial Innovation Facility (GIF)</keyword><keyword>CalAdapt API</keyword><keyword>UCLA Center for Climate Science</keyword></searchKeys></dataIdInfo><distInfo><distributor><distorFormat><formatName>ArcToolbox Tool</formatName></distorFormat></distributor></distInfo><mdHrLv><ScopeCd value="005"/></mdHrLv><mdDateSt Sync="TRUE">20210809</mdDateSt></metadata>
