<?xml version="1.0"?>
<metadata xml:lang="en"><Esri><CreaDate>20200706</CreaDate><CreaTime>16061200</CreaTime><ArcGISFormat>1.0</ArcGISFormat><SyncOnce>TRUE</SyncOnce><ModDate>20210928</ModDate><ModTime>110120</ModTime><scaleRange><minScale>150000000</minScale><maxScale>5000</maxScale></scaleRange><ArcGISProfile>ItemDescription</ArcGISProfile></Esri><toolbox name="CalAdapt" alias=""><arcToolboxHelpPath>c:\program files\arcgis\pro\Resources\Help\gp</arcToolboxHelpPath><toolsets/></toolbox><dataIdInfo><idCitation><resTitle>CalAdapt</resTitle></idCitation><idPurp>Caladapt-py is an API client that makes it easier to work with data from Cal-Adapt.org in Python and ArcGIS. The role of caladapt-py is to bring data into Python and ArcGIS and provide low-level functions to get it into the shape and format you require.</idPurp><idAbs>&lt;DIV STYLE="text-align:Left;"&gt;&lt;DIV&gt;&lt;DIV&gt;&lt;P&gt;&lt;SPAN&gt;Caladapt-py is an API client that makes it easier to work with data from Cal-Adapt.org in Python and ArcGIS. The role of caladapt-py is to bring data into Python and ArcGIS and provide low-level functions to get it into the shape and format you require.&lt;/SPAN&gt;&lt;/P&gt;&lt;/DIV&gt;&lt;/DIV&gt;&lt;/DIV&gt;</idAbs><idCredit>Created by Shane T. Feirer, UCANR Informatics and GIS Program (IGIS)</idCredit><searchKeys><keyword>CalAdaptpy</keyword><keyword>ArcGIS Python Toolbox</keyword><keyword>2021</keyword><keyword>UCANR Informatics and GIS Program (IGIS)</keyword><keyword>UC Berkeley Geospatial Innovation Facility (GIF)</keyword></searchKeys></dataIdInfo><distInfo><distributor><distorFormat><formatName>ArcToolbox Toolbox</formatName></distorFormat></distributor></distInfo><mdHrLv><ScopeCd value="005"/></mdHrLv><mdDateSt Sync="TRUE">20210809</mdDateSt></metadata>
