<?xml version="1.0"?>
<metadata xml:lang="en"><Esri><CreaDate>20210802</CreaDate><CreaTime>12323300</CreaTime><ArcGISFormat>1.0</ArcGISFormat><SyncOnce>TRUE</SyncOnce><ModDate>20210809</ModDate><ModTime>12142400</ModTime><scaleRange><minScale>150000000</minScale><maxScale>5000</maxScale></scaleRange><ArcGISProfile>ItemDescription</ArcGISProfile></Esri><tool name="StreamFlow_Data" displayname="Stream Flow Data" toolboxalias="" xmlns=""><arcToolboxHelpPath>c:\program files\arcgis\pro\Resources\Help\gp</arcToolboxHelpPath><parameters><param name="Climate Model" displayname="Climate Model" type="Required" direction="Input" datatype="String" expression="ACCESS1-0 | CanESM2 | CCSM4 | CESM1-BGC | CMCC-CMS | CNRM-CM5 | GFDL-CM3 | HadGEM2-CC | HadGEM2-ES | MIROC5"><dialogReference>&lt;DIV STYLE="text-align:Left;"&gt;&lt;DIV&gt;&lt;DIV&gt;&lt;P&gt;&lt;SPAN&gt;Global Climatic Models (GCM) you would like to query using the CalAdapt API. A list of GCMs from CalAdapt API (&lt;/SPAN&gt;&lt;A href="https://berkeley-gif.github.io:443/caladapt-docs/data-catalog.html" STYLE="text-decoration:underline;"&gt;&lt;SPAN&gt;https://berkeley-gif.github.io/caladapt-docs/data-catalog.html#global-climate-models-gcm&lt;/SPAN&gt;&lt;/A&gt;&lt;SPAN&gt;).&lt;/SPAN&gt;&lt;/P&gt;&lt;/DIV&gt;&lt;/DIV&gt;&lt;/DIV&gt;</dialogReference></param><param name="Climate Scenario" displayname="Climate Scenario" type="Required" direction="Input" datatype="String" expression="rcp45 | rcp85"><dialogReference>&lt;DIV STYLE="text-align:Left;"&gt;&lt;DIV&gt;&lt;DIV&gt;&lt;P&gt;&lt;SPAN&gt;To learn more about Representative Concentration Pathways (RCPs) go &lt;/SPAN&gt;&lt;A href="https://skepticalscience.com:443/rcp.php" STYLE="text-decoration:underline;"&gt;&lt;SPAN&gt;here&lt;/SPAN&gt;&lt;/A&gt;&lt;SPAN&gt;.&lt;/SPAN&gt;&lt;/P&gt;&lt;/DIV&gt;&lt;/DIV&gt;&lt;/DIV&gt;</dialogReference></param><param name="variables" displayname="variables" type="Required" direction="Input" datatype="String" expression="BEARC | DPR_I | FOL_I | LK_MC | MILLE | N_HOG | N_MEL | OROVI | PRD-C | SAC_B | SMART"><dialogReference>&lt;DIV STYLE="text-align:Left;"&gt;&lt;DIV&gt;&lt;DIV&gt;&lt;P&gt;&lt;SPAN&gt;Choose the station you would like to download from the Cal-Adapt Data Server.&lt;/SPAN&gt;&lt;/P&gt;&lt;/DIV&gt;&lt;/DIV&gt;&lt;/DIV&gt;</dialogReference></param><param name="outLoc" displayname="Output Location" type="Required" direction="Input" datatype="Workspace" expression="outLoc"><dialogReference>&lt;DIV STYLE="text-align:Left;"&gt;&lt;DIV&gt;&lt;DIV&gt;&lt;P&gt;&lt;SPAN&gt;Where would you like the data saved.&lt;/SPAN&gt;&lt;/P&gt;&lt;/DIV&gt;&lt;/DIV&gt;&lt;/DIV&gt;</dialogReference></param></parameters><summary>&lt;DIV STYLE="text-align:Left;"&gt;&lt;DIV&gt;&lt;DIV&gt;&lt;P&gt;&lt;SPAN&gt;Download the SCRIPPS Routed Streamflow Projections as NetCDF files from the Cal-Adapt Data Server.&lt;/SPAN&gt;&lt;/P&gt;&lt;P&gt;&lt;SPAN&gt;Bias-corrected monthly streamflow projections constructed by routing runoff and baseflow outputs from the LOCA VIC runs and bias corrected based on California Department of Water Resources estimates of unimpaired flows. Data is available for 11 locations in California. Details are described in Pierce et al, 2018.&lt;/SPAN&gt;&lt;/P&gt;&lt;/DIV&gt;&lt;/DIV&gt;&lt;/DIV&gt;</summary></tool><dataIdInfo><idCitation><resTitle>ROUTED STREAMFLOW PROJECTIONS</resTitle></idCitation><idCredit>Created by Shane T. Feirer of the  UCANR Informatics and GIS Program (IGIS).</idCredit><searchKeys><keyword>CalAdaptpy</keyword><keyword>ArcGIS Python Toolbox</keyword><keyword>2021</keyword><keyword>UCANR Informatics and GIS Program (IGIS)</keyword><keyword>UC Berkeley Geospatial Innovation Facility (GIF)</keyword><keyword>CalAdapt API</keyword><keyword>Scripps</keyword></searchKeys></dataIdInfo><distInfo><distributor><distorFormat><formatName>ArcToolbox Tool</formatName></distorFormat></distributor></distInfo><mdHrLv><ScopeCd value="005"></ScopeCd></mdHrLv><mdDateSt Sync="TRUE">20210809</mdDateSt></metadata>
